{"nshot-4096": {"seed-10": 27.823408624229977, "seed-50": 27.89185489390828, "seed-100": 28.986995208761122, "seed-500": 28.336755646817245, "seed-1000": 28.06297056810404}, "nshot-1024": {"seed-10": 24.469541409993155, "seed-50": 25.051334702258725, "seed-100": 25.017111567419576, "seed-500": 24.88021902806297, "seed-1000": 23.921971252566735}, "nshot-256": {"seed-10": 22.621492128678987, "seed-50": 23.613963039014372, "seed-100": 22.826830937713893, "seed-500": 22.005475701574266, "seed-1000": 22.65571526351814}}