{"nshot-4096": {"seed-10": 29.07025311168658, "seed-50": 29.76359535544232, "seed-100": 28.644223540222203, "seed-500": 30.314927742043274, "seed-1000": 29.178848884804946}, "nshot-1024": {"seed-10": 26.64773201904603, "seed-50": 27.491437640965664, "seed-100": 26.681146103082447, "seed-500": 26.906691170328294, "seed-1000": 27.658508061147774}, "nshot-256": {"seed-10": 26.129813716481497, "seed-50": 25.26940105254365, "seed-100": 25.83744048116281, "seed-500": 25.244340489516333, "seed-1000": 25.5032996407986}}