{"nshot-4096": {"seed-10": 56.69356507345334, "seed-50": 55.96937719842747, "seed-100": 55.07966066625285, "seed-500": 56.900475894889304, "seed-1000": 54.91413200910408}, "nshot-1024": {"seed-10": 53.63128491620112, "seed-50": 53.714049244775495, "seed-100": 52.57603972687771, "seed-500": 53.279536519759986, "seed-1000": 52.6794951375957}, "nshot-256": {"seed-10": 51.56217670184151, "seed-50": 52.30705565901097, "seed-100": 51.66563211255949, "seed-500": 51.74839644113387, "seed-1000": 51.76908752327747}}